tweet,maker,index
RT @NVIDIADesign: Check out the ins and outs of @DeadMau5's insane CUBE V3 running on a @BoxxTech workstation paired with 2 #NVIDIAQuadro R,NVDA,2019-10-04
"RT @NVIDIAAIDev: .@SkydioHQ, a member of NVIDIAs startup incubator Inception released Skydio 2, an AI-based drone that uses an @NVIDIA Jet",NVDA,2019-10-02
A senior in high school developed a #deeplearning model to help diagnose Parkinson's disease from MRI scans. https://t.co/5vAkzZbFBS #healthcare https://t.co/Je76eQGRKU,NVDA,2019-10-02
"Trained using our GPU technology, a new #AI app helps farmers more accurately identify and treat banana plant diseases. https://t.co/XgW3aVpilO #NationalFruitatWorkDay https://t.co/kfYbo7UBGZ",NVDA,2019-10-01
Check out how @kiwicampus created a delivery service using #JetsonTX2 to bring students sustenance on our AI Podcast: https://t.co/aQuxmjKeEF #InternationalPodcastDay https://t.co/wAiQWT6fxg,NVDA,2019-09-30
Pick from nearly 100 episodes of the AI Podcast to listen to some of the worlds leading experts in #AI. https://t.co/v4VfEN57j6 #InternationalPodcastDay https://t.co/PECqSG3wiK,NVDA,2019-09-30
RT @NVIDIADesign: .@ZHA_News and @UnrealEngine collaborate in architecture design using NVIDIA RTX-powered real-time rendering and immersiv,NVDA,2019-09-27
"RT @NVIDIAGeForce: Don't let your streams be dreams.   Our new NVIDIA RTX Broadcast Engine Brings AI-powered greenscreen, augmented reality",NVDA,2019-09-26
"Submit a talk, training, or poster at #GTC20, March 22-26, in San Jose. 40+ #AI topics to choose from. Apply now: https://t.co/mEDsIeSmuc https://t.co/RPCTSmmI0C",NVDA,2019-09-25
.@iwave_systems introduces FPGA-based SATA Bridge IP Core for hardware encryption in SATA Devices https://t.co/2FOQAwaMbT https://t.co/5XuFwqnO3Y,XLNX,2019-10-04
"RT @ElectronicsNews: Xilinx puts new life into HTC and AI development - At this years Xilinx Developers Forum, the company introduced the",XLNX,2019-10-04
"Thanks to everyone who joined us in San Jose for #XDF2019. We hope seeing how our products and platforms are being used inspires you to build the adaptable, intelligent world with us. See you at #XDF2020! https://t.co/iDjS2JtKjO",XLNX,2019-10-04
RT @ATaylorCEngFIET: To kick off the 6th year of the MicroZed Chronicles. A look at what I learned about Vitis at XDF 19  #fpga #arm #engin,XLNX,2019-10-04
"RT @XilinxEMEA: At @WorldSummitAI Ramine Roane, VP of AI and Software, Xilinx, will discuss how to create adaptable domain specific archite",XLNX,2019-10-04
"RT @hitachiauto: #ICYMI Our VP of Design Engineering, Hiroki Uchiyama shared the benefits of #hitachiautomotive products at the Xilinx Deve",XLNX,2019-10-03
"RT @ElectronicsNews: Reporting from the @XilinxInc Developers' Forum in San Jose, California, features editor Caroline Hayes discusses the",XLNX,2019-10-03
"RT @CCIXConsortium: Attending #ArmTechCon 2019?  We encourage you to attend ""Accelerating RedisEdge with CCIX"" on Thursday, Oct. 10 in Exec",XLNX,2019-10-03
RT @embedded_comp: Need #AI but hopelessly confused by compute hardware? Introducing @XilinxInc Vitis for software developers and AI scient,XLNX,2019-10-03
RT @Exxactcorp: Exxact Announces Xilinx Alveo Accelerator-Powered Servers &amp; Workstations: Now Shipping Worldwide https://t.co/HLWmyX1dWI #x,XLNX,2019-10-03
"#XDF2019, the premier innovator's conference in #AI, #machinelearning, #5G, automotive, and more has come to an end in Silicon Valley. See you next year! https://t.co/ygPoWdivTT",XLNX,2019-10-02
We want to thank our distinguished #AI Luminaries who spoke at #XDF2019 Americas. https://t.co/V4S9Ozjmor,XLNX,2019-10-02
"RT @AimValley: Excellent first day at the Xilinx Developer Forum in San Jose, ready for day 2!  Come join us at our booth #38 and learn all",XLNX,2019-10-02
"RT @ServeTheHome: Xilinx Vitis unified software platform launched aiming for its ""CUDA moment"" https://t.co/wsh13uY9qy @XilinxInc #FPGA #XD",XLNX,2019-10-02
RT @EEJournalTFM: https://t.co/u7XKFIOIlM showing crazy complicated left turn scenario in Beijing traffic for autonomous vehicle #XDF2019 h,XLNX,2019-10-02
Miss our #XDF2019 keynote in San Jose yesterday? View highlights and read the blog for all the news: https://t.co/340OJz6ieK https://t.co/XN7fJtooIr,XLNX,2019-10-02
"At #XDF2019? Be sure to sign up for one of our labs! You can even test drive Vitis, our new unified software platform. https://t.co/xK1ipVoOPw",XLNX,2019-10-02
"RT @SilexInsight: We're excited and ready for Day 2 at the #xdf2019! If you're visiting, feel free to stop by our booth 17 and learn about",XLNX,2019-10-02
RT @ElectronicDesgn: Xilinx Pitches Open-Source Framework for Heterogeneous Programming https://t.co/ea7lOSUtd0 @xilinx,XLNX,2019-10-02
RT @silexica: Today Silexica announced SLX #FPGA support for @XilinxIncs new #Vitis Unified Software Platform as an early access partner! C,XLNX,2019-10-02
RT @Exxactcorp: At #XDF2019 Come check out the Zebra (Mipsology)demo running real time Neural Network Inference on a Exxact TensorEX Workst,XLNX,2019-10-02
RT @FudzillaNews: Xilinx CEO shows the Versal board https://t.co/0e6e2NLRIq https://t.co/7FsKD5nawp,XLNX,2019-10-02
Ready for Day 2 of #XDF2019? We've got a jam packed agenda. Let's go! https://t.co/BikQCStNW9,XLNX,2019-10-02
"Stop by our diamond sponsor booths @awscloud, @silexica, and @Avnet to check out a demo and talk with an expert. #XDF2019 https://t.co/uK40oVNl80",XLNX,2019-10-02
RT @lauterbach_usa: #trace32 for #ultrascale+ at #XDF2019 https://t.co/tGmTk9zIgZ,XLNX,2019-10-02
RT @BittWareInc: Day two of  #XDF2019 is about to begin... visit us at booth 14 for @XilinxInc #fpga powered computational storage solution,XLNX,2019-10-02
"RT @cortical_io: Proudly announcing we have entered a strategic relationship with @XilinxInc! Combined with #Alveo accelerator cards, our #",XLNX,2019-10-02
"We are just getting started at #XDF2019. See you tomorrow for a day of demos, labs, and  speakers covering cloud apps, data science, embedded software, and more. https://t.co/kQHwf96ZoP",XLNX,2019-10-01
RT @mosysinc: MoSys CTO Michael Miller talks about the latest acceleration solutions from MoSys at XDF2019. #FPGA #XDF2019 Learn more: http,XLNX,2019-10-01
RT @PonyAI_tech: Thank you to @xilinx for having us help kick off #XDF2019! Check out how https://t.co/jCrY74O15l and xilinx are working to,XLNX,2019-10-01
"Visit the Xilinx Alveo showcase at #XDF2019. See how some of the worlds most challenging compute, networking, and storage workloads are accelerated on a single platform and deployed on-prem or in the cloud. https://t.co/PNVfhb1rCg",XLNX,2019-10-01
"RT @DaveAltavilla: #Xilinx Unveils Vitis, Breakthrough #OpenSource Design Software For Adaptable Processing Engines via @forbes https://t.c",XLNX,2019-10-01
RT @Algo_Logic_Inc: Demonstrating real-time data for connected cities and trading at  #XDF2019 https://t.co/YXYHQSAWic,XLNX,2019-10-01
RT @eideticom: Team Eideticom live at #xdf2019. Come find out how our NoLoad Computational Storage Processor (CSP) can  #accelerate your ap,XLNX,2019-10-01
RT @TheRegister: Hate Verilog? Detest VHDL? You're not the only one. Xilinx rolls out easier-to-use free FPGA programming tools afte https,XLNX,2019-10-01
Xilinx announces Vitis  a unified software platform unlocking a new design experience for all developers. Learn more: https://t.co/hlgVgrffWV https://t.co/1OnldrPWLz,XLNX,2019-10-01
"Closing the #XDF2019 keynote, Nathan Jachimiec, Principal Embedded Systems Architect @Keysight, presented his findings on how Xilinxs Versal ACAP solutions are enabling greater capabilities and efficiencies for testing equipment critical to #5G technology customers. https://t.co/vLFWyHlP6n",XLNX,2019-10-01
"Sumit Gupta, VP of product, AI/ML &amp; HPC @IBM, discussed how IBM is leveraging Xilinx devices &amp; software solutions to accelerate performance for improved inference of @IBMPowerSystems and is integrating Vitis w/ WatsonML to optimize #FPGAs for running its ML applications. #XDF2019 https://t.co/ncjyinIuxG",XLNX,2019-10-01
"During the #XDF2019 keynote, Tom Eby, SVP &amp; GM, Compute &amp; Networking @MicronTech, shared how they are using Vitis alongside Xilinxs flexible FPGA and ACAP technologies to let hyperscalers adopt and deploy new features in the data center faster. Learn more:https://t.co/340OJz6ieK https://t.co/nFxkjSwNKc",XLNX,2019-10-01
"During #XDF2019, @PonyAI_tech CEO James Peng disclosed how Xilinx FPGAs and Versal ACAPs are powering its Level 4 autonomous driving systems, PonyPilot.  Details on the blog: https://t.co/340OJz6ieK https://t.co/aDpVxrra0j",XLNX,2019-10-01
Hitachi Automotive Systems Americas VP Hiroki Uchiyama made a guest appearance during the #XDF2019 keynote to explain how Hitachi is using Versal to power sophisticated front-camera systems for automotive. Read details on our blog: https://t.co/340OJyOGQa https://t.co/Jdsm1gm3Nz,XLNX,2019-10-01
"At #XDF2019, we unveiled Vitis, a unified software platform that enables a broad new range of developers  including SW engineers and #AI scientists  to take advantage of the power of hardware adaptability. Learn more: https://t.co/ABChJm4Syq https://t.co/KBMNXkTgmm",XLNX,2019-10-01
"GM and Distinguished Engineer in @Microsoft Azures Compute Division, Melur Raghuraman, joined us onstage at #XDF2019 to announce our ongoing collaboration with @Azure. Read the keynote blog: https://t.co/340OJz6ieK https://t.co/ST6ooULas9",XLNX,2019-10-01
"Vin Sharma, Head of Engineering at AWS, was at #XDF2019 to announce that SageMaker Neo users can soon take advantage of integrated Xilinx solutions to run their #ML models, on-premise via Alveo cards, in the cloud via AWS F1, and at the edge via Xilinx embedded #AI deployments. https://t.co/pAXAjCDKbT",XLNX,2019-10-01
AWS joined our CEO on stage during the #XDF2019 keynote. Gadi Hutt showcased companies taking advantage of its AWS F1 FPGA-as-a-service offering to power compute-intensive applications. More details: https://t.co/340OJyOGQa https://t.co/NdxrpqEAPS,XLNX,2019-10-01
"Delivering on our platform transformation, CEO Victor Peng showed off the most advanced processing chip ever made, our 36B transistor 7nm Versal #ACAP and our first Versal PCIe dev board. #XDF2019 https://t.co/SOKfayeZXA",XLNX,2019-10-01
"Dr. Wonil Roh, VP &amp; Head of Product Strategy @Samsung, was invited to the #XDF2019 stage to share the latest on how their work with Xilinx is bringing #5G to new markets faster. Learn more: https://t.co/340OJz6ieK https://t.co/dUycePkYOq",XLNX,2019-10-01
"Xilinx CEO Victor Peng started his #XDF2019 keynote by highlighting breakthrough innovations powered by Xilinx, followed by updates on our strategy for the #datacenter, #5G and automotive. Keynote recap: https://t.co/340OJz6ieK https://t.co/Y19xtrAbmc",XLNX,2019-10-01
#XDF2019 starts in 15 minutes. Get ready for some epic announcements and special guests! https://t.co/VX1ZT9q1VW,XLNX,2019-10-01
We are ready for the Xilinx Developer Forum in San Jose! Follow #XDF2019 over the next two days to watch the event unfold. https://t.co/soxqWf3cIS,XLNX,2019-10-01
RT @AnalyticsSumup: Going to the sold-out #XDF2019 tomorrow? You should be! Our very own Alessandro Preziosi will be on the Data Center pan,XLNX,2019-09-30
RT @XilinxJobs: Looking forward to Grace Hopper Celebration this week in Orlando! Come meet the women innovators at Xilinx at BOOTH 1646. W,XLNX,2019-09-30
RT @WindRiver: Headed to #XDF2019? Stop by to chat &amp; check out how #HelixPlatform can help you consolidate different #safety criticality in,XLNX,2019-09-28
RT @Avnet: Looking for a deeper understanding of machine learning? Join @EBVElektronik and @XilinxInc for a seminar to learn how to develop,XLNX,2019-09-27
RT @eeNewsEurope: Versatile computing platform could solve auto industry dilemma @XilinxEMEA #AutoIndustry #ArtificialIntelligence #Autonom,XLNX,2019-09-27
"RT @Exxactcorp: Join Exxact at Xilinx Developer Forum 2019 in San Jose, Oct. 1-2: https://t.co/22Ao4u8u2i https://t.co/UyKFPG8lms",XLNX,2019-09-26
RT @Enclustra: Say hello to the Mercury+ XU9! It's the newest member of our growing family of @XilinxInc Zynq UltraScale+ MPSoC based modul,XLNX,2019-09-26
RT @cortical_io: We are next week at @XilinxInc XDF 2019 in San Jose to talk about powerful #AI and #NLU applications combined with #FPGA #,XLNX,2019-09-26
#Webinar replay - learn how to navigate the computational complexities brought from the rapid development of new topologies in #powerelectronics. Watch now: https://t.co/48EnKx3ePu https://t.co/jBUoeiBP81,XLNX,2019-09-25
@crashyoudown @surface Hi there! You can find specs for the AMD Ryzen Microsoft Surface Edition processors here! https://t.co/ebdYIlXQnV ,AMD,2019-10-02
RT @AMDPC: Ready for the all-new Surface Laptop 3? Get the scoop from the @verge on the multi-year partnership between AMD and Microsoft th,AMD,2019-10-02
"AMD created the AMD Ryzen Microsoft Surface Edition processor in close partnership with Microsoft, bringing Surface users a unique experience through performance. Learn more about AMD's co-engineering relationship with the @Surface team!",AMD,2019-10-02
"RT @AMDPC: Today, Microsoft debuted the broadest @Surface lineup yet, including the Surface Laptop 3 featuring the new AMD Ryzen Microsoft",AMD,2019-10-02
RT @LisaSu: So excited to be at the #MicrosoftEvent today.  Congratulations to @satyanadella @panos_panay for an amazing lineup.  Thrilled,AMD,2019-10-02
@RTomatoGames @surface @VentureBeat https://t.co/LJM0sZlGLA,AMD,2019-10-02
"Today, Microsoft unveiled the all-new Surface Laptop 3, featuring the most powerful AMD mobile processors for ultrathin laptops ever. Get the latest from the @Surface #MicrosoftEvent from @VentureBeat! https://t.co/lulwiR2oXv",AMD,2019-10-02
"RT @AMDPC: Introducing a new level of responsiveness and graphics in a thin, light design.  Meet the @Microsoft @surface Laptop 3 - powered",AMD,2019-10-02
@dennis_mutia What can we say? We like our names to be as groundbreaking as the tech. ,AMD,2019-09-30
RT @Radeon: AMD's Raise the Game bundle is back with the most anticipated games of the year! Get Tom Clancys @GhostRecon Breakpoint or @Bo,AMD,2019-09-30
"AMD announces the global availability of its new AMD Ryzen PRO 3000 Series desktop processor lineup that combines powerful performance, built-in security features, and commercial-grade reliability to get the job done.",AMD,2019-09-30
"Its #F1 race weekend! As a proud partner of the @ScuderiaFerrari, AMD is hoping the team can continue their great run of form#ForzaFerrari! https://t.co/lXpjqKpWJJ",AMD,2019-09-29
"AMD has a long history of pioneering innovation. Today, we are excited to announce AMD is part of the Voice Interoperability Initiative, committing to industry-wide standards to power seamless, multi-assistant experiences for all users.",AMD,2019-09-26
@BelievahDahDiva We understand your frustration. AMD is working to replenish stock globally as quickly as possible to meet strong demand for our 3rd Gen AMD Ryzen processors. Here's our full statement: https://t.co/GcV4NoaqU0,AMD,2019-09-26
AMD President and CEO Dr. @LisaSu has been named one of @CNNBusiness' Risk Takers for her outstanding work in establishing AMD's leadership in the semiconductor industry.,AMD,2019-09-25
"Lattice will showcase our low power FPGAs and our award-winning sensAI solutions stack for low power, on-device AI at #CEATEC, Japans largest IT and electronics exhibition. Drop by Booth #G085 from October 15-18 and check out demos that feature our low power FPGAs. https://t.co/lLKCs2zag1",LSCC,2019-10-02
Were announcing the latest addition to our FPGA lineup: CrossLinkPlus. CrossLinkPlus accelerates and enhances video bridging for MIPI-based embedded vision systems and features integrated flash memory and high-speed I/Os for instant-on panel display. https://t.co/oVqlakLzf9 https://t.co/gQoRm9rlsR,LSCC,2019-09-30
"Part of a megafactory  Connected by Automated Super Highways (ASH)  Repurposes 100% of wastewater    Just a few fun facts about Arizona's Fab 42, one of the world's most advanced fabs. Watch to learn more in celebration of #ManufacturingDay #MFGDay19 https://t.co/efyjUwWpN0",INTC,2019-10-04
RT @intelnews: Happy #ManufacturingDay! Intel builds technologies at six wafer fabrication sites and four assembly test manufacturing locat,INTC,2019-10-04
@teksyndicate We do! ,INTC,2019-10-04
"The highly anticipated @Surface Neo, powered by our Lakefield processor, which combines a hybrid CPU with Foveros 3D packaging technology, is poised to define dual-screen experiences. #MicrosoftEvent https://t.co/zWhm4oooQV https://t.co/FPHbw5Sv11",INTC,2019-10-04
"RT @arstechnica: HPs Spectre X360 13 laptop offers Ice Lake, Project Athena, and more https://t.co/FokMSWyrXW by @jrssnet",INTC,2019-10-04
"The new @Surface devices built on #10thGen Intel processors help bring imagination and creativity to life, with our Iris Plus graphics and best-in-class connectivity.  #SurfaceLaptop3 #MicrosoftEvent https://t.co/knUO4Ps2KI https://t.co/VFiRvhn9iq",INTC,2019-10-04
The amount of data we generate doubles everythree years. While the processors that run our deviceskeep pace with this growth  #memoryhas not.Frank Hady writes about the steps we are taking to bridge the memory capacity gap. https://t.co/fyV1W86Pdd https://t.co/kb0grKSG2e,INTC,2019-10-04
@garciajulia Twins! ,INTC,2019-10-03
@dez_blanchfield Lots of exciting things yet to come! Stay tuned!,INTC,2019-10-03
@ToshibaLaptops3 Hello! This would be easier to handle via email. Can you DM us your email address? We will look into this.,INTC,2019-10-03
"@UnPanderers Hello! Please DM us the complete processor model number. We will look into it. For more information on how to identify the processor model, visit: https://t.co/W5jlki8lZG.",INTC,2019-10-03
"If the last decade was about consumption, the next is about creativity says @Microsoft CEO @satyanadella. Intel's #10thGen with #AI and 2X graphics performance makes @Surface Laptop 3 and Pro 7 the perfect solution for creative innovation. #MicrosoftEvent #SurfaceLaptop3 https://t.co/zdkU1wOaIy",INTC,2019-10-02
"Its pretty impressive what Intel did here, says Microsoft Chief Product Officer @panos_panay talking about the new @Surface Laptop 3 powered by #10thGen Intel Core. Were pretty impressed with you too, @Microsoft.  #MicrosoftEvent #SurfaceLaptop3 https://t.co/EzGwZ2g9Qq https://t.co/2WgmmrLCfG",INTC,2019-10-02
"When technology innovators work together, magic happens. Congratulations to @Microsoft and Intel teams for pushing the boundaries of whats possible in a laptop with the new #10thGen Intel Core powered @Surface Laptop 3 announced today at #MicrosoftEvent https://t.co/qq3DQZmi6A https://t.co/mk2NpEiZlg",INTC,2019-10-02
@MSE @WashWizards @ZacharyLeonsis @NBCSWashington We are excited to have TrueView in the @CapitalOneArena for fans to see immersive highlights! ,INTC,2019-10-01
"Ultralight and optimized for mobile performance, a wholenewclass of laptops co-engineered by@Dell wake instantly and respond immediately to the demands of your busy life. https://t.co/Xdq57Hkw8f",INTC,2019-10-01
@SimonOgus @WashWizards @CapitalOneArena @StevenSportsPro We're happy to be able to capture all of the action! ,INTC,2019-10-01
@PanthersBill We're proud to be able to help capture such an amazing catch!,INTC,2019-10-01
"@Panthers Wow, what a catch @run__cmc! We're glad TrueView captured it for everyone to enjoy!",INTC,2019-10-01
RT @49ers: Game-winning TDs are even better in @intel True View.  @dmainy_13 | #GoNiners https://t.co/MucNdKVbZd,INTC,2019-10-01
@jaredkim @NZXT @Seagate @ZOTAC That cake looks delicious! ,INTC,2019-09-30
@2morrowknight Thank you for sharing this Sean!,INTC,2019-09-30
@evankirstel Thank you for sharing this piece of history! Incredible how far things have come in the past 39 years!,INTC,2019-09-30
"A warm welcome to our new CMO, @KarMWalker!  Were excited for the leadership and vision you will bring to our work. https://t.co/FLV4gHpyb3",INTC,2019-09-30
@Dannny0117 Hello! Thank you for bringing this to our notice. We have already forwarded your feedback to the relevant team.,INTC,2019-09-30
@TimIntel Hope you had fun! Thank you for sharing all week!,INTC,2019-09-27
@TravisGafford @Alienware Best of luck to you!,INTC,2019-09-27
"At our Memory and Storage Day, Pranav Kalavade, Intel Fellow, explains why we are truly unique with many first memory and storage innovations. https://t.co/sBVW8XUnIM",INTC,2019-09-27
"At our Memory and Storage Day, Mohamed Arafa, Sr Principal Engineer, illustrates the benefits and technical details of tiering memory and our latest #OptaneDC Persistent Memory innovations. https://t.co/wu8sbqiFFl",INTC,2019-09-27
"Frank Hady discusses how our #datacentric platform strategy uniquely enables us to disrupt the decades old traditional memory and storage hierarchy, unleashing new innovation for applications and workloads from client to data center. https://t.co/FpSXgJsMYF",INTC,2019-09-27
"At our Memory and Storage Day event, we are showcasing #datacentric technology with new memory and storage innovations, including #Optane technology and 3D NAND solutions for cloud, AI, and network edge applications. https://t.co/66WN6gjFWs",INTC,2019-09-27
@SimonOgus We are excited to give fans control over the gameplay!,INTC,2019-09-26
@YiannisExarchos We are so excited to bring this technology to Tokyo 2020!,INTC,2019-09-26
"RT @intelnews: At a gathering of global influencers in Seoul, South Korea, Intel outlined a series of new technology milestones and highlig",INTC,2019-09-26
@AlibabaGroup @alibaba_cloud Thank you for the continued partnership! We are so excited for Tokyo 2020!,INTC,2019-09-26
@LegitReviews @Rajaontheedge Thank you for sharing this!,INTC,2019-09-26
"Today we demonstrated a series of new tech milestones and a commitment to advance memory, storage in the #datacentric computing era. This includes our unique Optane technology and 3D NAND solutions for cloud, AI, and network edge applications. https://t.co/3gkIhdUIRv https://t.co/ktmgnfS4Ad",INTC,2019-09-26
.@Kristie_L_Mann from our Data Center Group describing the hypergrowth of the #OptaneDC Persistent Memory ecosystem. https://t.co/PDlqe3qJbt https://t.co/6IjT8MX2Gt,INTC,2019-09-26
"Rob Crooke, GM, Non-Volatile Memory Solutions Group discusses the memory gap where our Optane memory technology shines. https://t.co/Cf8E9ujtSM https://t.co/dSYs707o8D",INTC,2019-09-26
"Were accelerating the pace of innovation for a #datacentric future, anchored on our six pillar design and engineering model. https://t.co/QO2TNYqiNI",INTC,2019-09-26
"RT @MATRIX_Creator: Don't miss the chance to ask &amp; learn from @ATaylorCEngFIET, founder of ADIUVO Engineering, created to support #engineer",XLNX,2019-09-24
"Meet Markus Lindner, PR Manager at AMD, and learn about why he thinks his hometown of Munich is one of the best places in the world.",AMD,2019-10-05
"@naga_himanshu Hi! All subjects are equally important. Our job positions have the required key skillset mentioned. To check the required skillsets for specific job positions, please visit: https://t.co/sUNhFWY5Ph",INTC,2019-10-05
Happy#WorldTeachersDay! Technologies like #AI and #VR help take some of the heavy load off teachers. What tech do you think will have the most benefit in the classroom? https://t.co/S1C4jVVLHQ,INTC,2019-10-05
"@jack57688805 The laptop manufacturers customize the hardware and software components for better integration; therefore, our solution may not be fully compatible. Please contact your laptop manufacturer for further support. You may contact them via: https://t.co/0guz871ARu.",INTC,2019-10-07
"Master life on the go with a whole new class of laptops co-engineered with@Lenovo.Thin, ultralight, and loaded with all the right features, they help you check off mobile tasks with ease. https://t.co/SdvKyg6idP",INTC,2019-10-06
"@Tijazz94 Hi! For pricing and availability of Intel-powered Lenovo laptops, please visit your favorite reseller https://t.co/s2jo5DxflO. The prices may vary depending on your region.",INTC,2019-10-07
"RT @NvidiaAI: Using #GPUs and telescope images to study galaxy mergers, #AI can help scientists identify and analyze this phenomenon across",NVDA,2019-10-07
"RT @GEpublicaffairs: With a grant from @DARPA, @GEResearch is working alongside @GEAviation, @DartmouthCS, and @XilinxInc to securely sort",XLNX,2019-10-07
RT @insideHPC: Vitis Unified Software Platform to make FPGA Programming Accessible for All Developers  https://t.co/6i7HqRzCnl #HPC #Xilinx,XLNX,2019-10-07
RT @XilinxEMEA: Want to learn how to efficiently execute #AI inference tasks? Join us at #XDF2019 Europe and discover the relevance of Xili,XLNX,2019-10-07
RT @vvdn_tech: The countdown is on! One week until @exploreIMC #IMC2019!  @vvdn_tech along with @XilinxInc will be showcasing solutions for,XLNX,2019-10-07
"RT @AMDPC: Meet the all-new MSI Alpha 15, featuring the AMD Ryzen 3750H and Radeon RX 5500M. This mobile gaming combo delivers the full spe",AMD,2019-10-07
"RT @Radeon: Introducing the @AMD Radeon RX 5500 Series, powered by the advanced #RDNA architecture and designed for high-fidelity gaming at",AMD,2019-10-07
@digitindia Thank you for summing up Project Athena for everyone!,INTC,2019-10-07
@2oldtogame We love all that blue! ,INTC,2019-10-07
@Bucks @FiservForum We're excited to let fans to see immersive highlights this season! ,INTC,2019-10-07
@LFC What a brilliant goal! We're glad True View was able to capture it! ,INTC,2019-10-07
@Panthers Wow! It's amazing to see it in 360! ,INTC,2019-10-07
@AspinRed Hello! Laptops powered by Comet Lake mobile processors are already in the market. To check out the specifications: https://t.co/Bf0QyHwudu Visit your nearest resellers to get your hands on it.,INTC,2019-10-07
"A sigh of relief for professional #creatorsour new#XeonW-2200 processors are designed to give you mission-critical reliability. Completewith built-in error correction, detection, and recovery tohelpprevent disasters during long renders. https://t.co/T0tnxjZHSj https://t.co/ANAXeohST2",INTC,2019-10-07
"The chip thathits frequencybenchmarks as promised, our new #CoreX -series processor, provides a stable, high-performance platform for visual creators everywhere. https://t.co/itD3BwNI3u https://t.co/JNtuoEI6DC",INTC,2019-10-07
"Coming in . Our new Intel#XeonW-2200 processors prove to be the ultimate platform for professional creators running data-intensiveworkloadsdelivering reliability, manageability, and stability. https://t.co/nAaL2X35Kp https://t.co/utCrxnFmMq",INTC,2019-10-07
"Highlighting the growing excitement at the intersection of #AI, 5G and IoT, our CEO Jensen Huang will deliver a keynote at the Mobile World Congress in Los Angeles on Monday, Oct. 21. https://t.co/wunqhA4AYE #MWC19 https://t.co/2ArQ6f7C34",NVDA,2019-10-08
Open Software Stars at Xilinx Developer Forum via @eetimes https://t.co/sfCFzZIUHB https://t.co/IQVyodEkoG,XLNX,2019-10-08
"Xilinx Unveils Vitis, Breakthrough Open-Source Design Software For Adaptable Processing Engines via @Forbes  https://t.co/AM4b8NnQzI",XLNX,2019-10-08
"RT @LisaSu: Five years ago today I became @AMD CEO.  I am so thankful to all @AMDers around the world and our customers, partners and fans",AMD,2019-10-08
"Check out how @AMDRyzen Threadripper processors boost the performance of MTI Films CORTEX, blazing new trails in post production capabilities.",AMD,2019-10-08
"Read our latest blog and learn how our new CrossLinkPlus family of small form factor, low power FPGAs enable OEMs to create innovative embedded vision systems: http;//bit.ly/2AOw0Qn https://t.co/H4YeKFG8y1",LSCC,2019-10-08
Feel the power of the professionals on a platform builtfor the creatively driven hobbyists. Our new #CoreX -series processors handle intense visual workloads thanks to higher frequencies andIntel Turbo Boost Max Technology 3.0. https://t.co/sXuHzoTYWS https://t.co/w9gzs1posf,INTC,2019-10-09
Our new #CoreX processor makes power-user hobbyists feel more like proswith automated overclocking throughIntel Performance Maximizer and built-in #AI acceleration through Deep Learning Boost.  https://t.co/iE3Y8iWxI2 https://t.co/7dYwlkTUQG,INTC,2019-10-08
"Say goodbye  to overnight renders gone wrong. And say hello to our new#XeonW-2200 processors. A platform designed with professional creation workloads in mind, it combines unmatched performance and error correction for creative professionals. https://t.co/zWDrg6sfTF https://t.co/lvdGDohp5H",INTC,2019-10-08
"RT @NvidiaAI: See the top AI experts from @WhiteHouse, @NIST, @NIH, @DeptVetAffairs and more discuss #AI topics from #cybersecurity to #hea",NVDA,2019-10-09
RT @NVIDIADesign: .@riotgames used @tfguniverse's Pixotope mixed-reality virtual production software relying on #NVIDIARTX GPUs to deliver,NVDA,2019-10-09
.@NetworkWorld | New Vitis kit from #FPGA vendor Xilinx will use familiar languages like C++ and #Python for everything from #IoT to video encoding. https://t.co/lzGuxjn6eO,XLNX,2019-10-09
"RT @MATRIX_Creator:  Here's our interview with @ATaylorCEngFIET- a great weekend watch full of discussions on FPGAs, embedded systems, the",XLNX,2019-10-09
"RT @WITAwardsDublin: Congratulations to finalists of the Data Scientist Award sponsored by @Kantar_Media  @amelia_kelly, @soapboxlabs Sho",XLNX,2019-10-09
"AMD is proud to be a Gold Sponsor of #AU2019! Whether you're a CAD manager or an architect, join us in Vegas for #AMDatAU2019 to see the range of @RadeonPro AEC solutions.",AMD,2019-10-09
"@368 @thecritics001 @MAINGEAR @nvidia We couldn't be happier to see this PC in the hands of incredible creatives! Good luck, guys! ",AMD,2019-10-09
@ASUS_ROGNA @ASUSTechMKTJJ Let's do this thing! Episode 12 drops tomorrow! https://t.co/kGdcY9Rq4F,AMD,2019-10-09
"RT @ASUS_ROGNA: Is it episode 12, or 13? We lost track! But we'll be in an upcoming episode of @AMD 's fun tech talk series ""The bring up""",AMD,2019-10-09
"Our very own Hoon Choi will be presenting ""Machine Learning on a Tiny Low-Power FPGA"" at the Linley Fall Processor Conference. Join us on Oct 23 at Hyatt Regency Santa Clara, where we will exhibit our latest demos for always-on #AI/ #ML at the Edge. https://t.co/tQ8RA7NSxf https://t.co/zw3KRckWoR",LSCC,2019-10-09
@austinnotduncan The feeling is mutual! ,INTC,2019-10-09
@technovation We're so excited to partner with you on the AI Mentor Alliance!,INTC,2019-10-09
What purpose do you see yourself using #VR for the most? Check out why we're asking: https://t.co/UfRTmH31AT and https://t.co/BTG9WDBLRk,NVDA,2019-10-10
RT @nvidiadrive: Watch how feature tracking makes it possible for a vehicle's sensors to trace pixels through time: https://t.co/XC0RMeybIu,NVDA,2019-10-10
RT @AVMag: AVoIP: Leveraging the flexibility of FPGAs and programmable SoC platforms to host the upper protocol layers in reconfigurable ha,XLNX,2019-10-10
"RT @Hacksterio: In this week's MicroZed Chronicle, @ATaylorCEngFIET looks at PYNQ and how to use the IOPs for interfacing with SPI, I2C, GP",XLNX,2019-10-10
Xilinx updates their tool suite with Vitis via @SemiAccurate @CDemerjian  https://t.co/KucqTvfQH3 https://t.co/RSJXQrdbAN,XLNX,2019-10-10
#XDF2019 Europe agenda is now available! Check out this years sessions and plan your schedule. New sessions added weekly. View agenda: https://t.co/RZvqHW4ueg https://t.co/nPidUO78PA,XLNX,2019-10-10
@ORIGINPC https://t.co/fQ5Uc2dxte,AMD,2019-10-10
@ASUS_ROGNA @ASUSUSA @ASUSTechMKTJJ RGB RGB RGB https://t.co/sUbdkvaFaT,AMD,2019-10-10
@ORIGINPC We're partial to red! ,AMD,2019-10-10
"In this episode of #TheBringUp, Bridget and Cavin are tackling small form factor builds with a special @ASUSUSA guest: @ASUSTechMKTJJ! Let's get building.",AMD,2019-10-10
"@androsmaldaner Hello! The Intel Core i9-9900KS is yet to be released. To be the first to know about its price, specifications, and market availability dates, please follow our newsroom:https://t.co/O34OFiJ8uh.",INTC,2019-10-11
"RT @Variety: Inside Intel Studios, the worlds largest volumetric capture stage https://t.co/2idvzbM42y",INTC,2019-10-10
@kenegan30 Thank you for taking the time to share your story with us today!,INTC,2019-10-10
"@iambhsanto @Lenovo Hi Belal, this is part of the Lenovo Yoga series which you can find on their website: https://t.co/HczPmIaDBe",INTC,2019-10-10
"Forget energy-saving mode. A newclass ofultralight laptops co-engineered with@Lenovodeliversa 9-hour battery thatpowers through tasks all day long, anywhere you go. https://t.co/wYGonik4n4",INTC,2019-10-10
.@SiemensHealth is empowering healthcare providers to alert patients years sooner about changes in their health by running #AI on existingCPU infrastructure. https://t.co/yQpPd6ggJ5 https://t.co/oCi212IhKJ,INTC,2019-10-10
"RT @NVIDIAGeForce: 20 Years ago, PC gaming changed forever - we launched the very first GPU, the GeForce 256!  With this exceptional fan ar",NVDA,2019-10-11
RT @VDC_Research: .@XilinxInc Opens Up: https://t.co/LUwVJEnXC5 #XDF2019 #5G #ACAP #AI #DataCenter #FPGAs #SoCs https://t.co/U7ZSlCQYVF,XLNX,2019-10-11
"10/17 #Webinar: Learn the best practices for achieving maximum application performance with high-bandwidth, low-power #HBM2 memory on Xilinx Alveo cards. Register: https://t.co/n3bq8LoP8W https://t.co/Aj63cUc8xS",XLNX,2019-10-11
Congrats on receiving this award @MichaelaBlott!!! https://t.co/0ZYiR8oG6n,XLNX,2019-10-11
"@Acherons_ Hello! The Xeon W processors are better suited for workstation systems which perform complex tasks such as VFX, 3D rendering, complex 3D CAD, and AI. For gaming and multimedia purposes we recommend that you go for Intel Core processors: https://t.co/Gu4f3NHFje",INTC,2019-10-11
@eTeknix @ASUS_ROG @NVIDIAGeForce @IntelUK @nvidia @NVIDIAGeForceUK @ASUS_ROGUK @CORSAIR @GlobalLianli Good luck!,INTC,2019-10-11
Handle business wherever you may roam with@HP laptops engineered for mobile performancefeaturing#10thGen Intel Core processors and 9 hours of battery life. https://t.co/GExSxsvKme,INTC,2019-10-11
@ShahrzadK87 Please visit our forum for support https://t.co/IaaD9S9v8H,XLNX,2019-10-12
"The @ScuderiaFerrari team is ready to go at the #JapaneseGP! As a proud partner, AMD cant wait to see what unfolds at the Suzuka Circuit#ForzaFerrari! https://t.co/MFoiVCQajE",AMD,2019-10-13
RT @Accelize: Thanks to everyone who joined us in San Jose for #XDF2019.   Special thanks to CEO Victor Peng at @XilinxInc who visited our,XLNX,2019-10-13
"@jasonmpage The Intel Xeon E-2278G is available worldwide. Please visit your nearest retailer to get your hands on it. To locate retailers near you, visit: https://t.co/J2sjF8D44L",INTC,2019-10-13
RT @NvidiaAI: See why @BoozAllen is excited about attending #GTC19 and how their work in #AI can better serve our community.  Learn more ab,NVDA,2019-10-14
RT @NvidiaAI: To develop #AI tools for clinical #radiology @UCSF researchers and NVIDIA developers will collaborate using NVIDIA Clara and,NVDA,2019-10-14
"RT @exploreIMC: ""#5g is service oriented. Every 15-18 months network capacity doubles. Low latency is being tried out in niche markets"" Har",XLNX,2019-10-15
National #Cybersecurity Awareness Month: Register for upcoming Xilinx Security Working Group free of charge https://t.co/QBdk1cpnLr https://t.co/cmnRWSvZ48,XLNX,2019-10-14
"Join us at XDF Europe to experience Vitis, our new Unified Software Platform, up close with interactive lab zones along with demos from us and our partners. Register today to save your spot: https://t.co/iFYlGP3c1L #XDF2019 https://t.co/VEizALhckV",XLNX,2019-10-14
@LowSpec_Gamer @surface https://t.co/5plGoeks14,AMD,2019-10-14
"Introducing a new level of responsiveness and graphics in a thin, light design. Discover the 15 Microsoft @Surface Laptop 3, powered by AMD!",AMD,2019-10-14
"@LinusTech Welcome to the team, Linus! ",AMD,2019-10-14
"@TheFirstGeist @ASUSUSA @ASUSTechMKTJJ Just building a happy little build with Chill Vibes, you know the flow!",AMD,2019-10-14
@JustinTse @ASUSUSA @ASUS_ROGNA @CoolerMaster_NA @CORSAIR @NVIDIAGeForce What an awesome collab! Austin is such a good instructor!  ,INTC,2019-10-14
@Razer That's so pretty in pink! ,INTC,2019-10-14
@_burke45 Hey @_burke45 - Thanks for your message about your relative. We take concerns of this nature seriously and we would like an opportunity to look into them. Please send any details that you are able to share so that we can look into the issues you mention. https://t.co/4TX3FqGpYc,INTC,2019-10-14
"Were excited to be collaborating with @Rakuten on an end-to-end virtualized, fully cloud-native, #5G ready mobile network in Japan, powered by Intel #Xeon processors. https://t.co/5F8Wbp8U83",INTC,2019-10-14
"RT @NVIDIADesign: Using #NVIDIARTX and @UnrealEngine, @DigitalDomainDD creates realistic virtual characters that capture emotions and actio",NVDA,2019-10-15
RT @NvidiaAI: .@KingsCollegeLon and NVIDIA #Research developed the first privacy-preserving federated learning system for medical imaging a,NVDA,2019-10-15
"RT @NetworkWorld: #FPGA vendor @XilinxInc has a new #Vitis development kit, one that will use familiar languages like C++ and Python for ev",XLNX,2019-10-15
Register for our October 22nd #webinar to learn about the capabilities and advantages of the embedded #VideoCodec in the #MPSoC device family for CNN inference acceleration. https://t.co/6t43wGP5nD https://t.co/nGyrxnygsT,XLNX,2019-10-15
"At #IMC2019, visit the @vvdn_tech and Xilinx booth 2.2 in Hall 02 to see our innovative solutions for the next-gen #5G deployment. https://t.co/tO5GTfguqW",XLNX,2019-10-15
@Dan12R @surface https://t.co/CVPJSoYv61,AMD,2019-10-15
@SDE_catgoMEOW @surface You can get this notebook powered by either the AMD Ryzen 5 3580U or the AMD Ryzen 7 3780U Microsoft Surface Edition processors!,AMD,2019-10-15
"Did you know the technology partnership between AMD and @Dropbox delivers up to 2X greater density for their leading online storage services? Discover the ""game-changing"" power of AMD #EPYC!",AMD,2019-10-15
"@pripyatbeast Best of luck and welcome to the team, Stephen! ",AMD,2019-10-15
 Now this is what partnerships are made of. #madebygoogle #PixelbookGo https://t.co/KMQeavZebr,INTC,2019-10-15
"@WatchCatSeesU Oh, no! That shouldnt happen. Could you share the display driver version that is currently installed on your machine? Meanwhile, to get you going, you can install an earlier driver version. Please DM us to get assistance on installing an older driver version.",INTC,2019-10-15
"RT @LinaroOrg: Check out the full video and slides for Linaro Connect San Diego session: ""OpenAMP: Out-Of-Band Transmission of Large Buffer",XLNX,2019-10-16
#OpenAMP Framework for Multi-Processor Devices becomes a Linaro Community Project https://t.co/JkkxMrPiOO https://t.co/P6Wsqy8lbr,XLNX,2019-10-16
RT @vvdn_tech: Here's what Gilles Garcia EMEA Comms Business Lead Director &amp; WW Channel Business Development Director has to say on what to,XLNX,2019-10-16
@strangelittleme Who would have thought? ,AMD,2019-10-16
@astros Nice hit! ,AMD,2019-10-16
"@The_Reuben Hello! 8th gen Intel processors are available worldwide. To purchase, visit: https://t.co/2nkfFT0mqc",INTC,2019-10-16
@JimStLeger Everyone is looking so sharp!,INTC,2019-10-16
RT @Rajaontheedge: Ill be at the HPC DevCon event this year @Supercomputing and talk about some of the cool things we are working @intel.,INTC,2019-10-16
"With Intel #OptaneDC persistent memory, @HP is improving work preservation on content creation apps like Blender that NASA uses on the Curiosity rover to create 3D maps of Mars. https://t.co/ryDZ46RsHi",INTC,2019-10-16
"RT @NVIDIAAIDev: How much dark matter is there in the universe? For the first time in cosmology, a team of physicists and computer scientis",NVDA,2019-10-17
RT @NVIDIAEmbedded: Take a class on us! Enroll in our Getting Started with AI on Jetson Nano #NVDLI course today. We want to put the powe,NVDA,2019-10-17
RT @SilexInsight: It's been a great ride collaborating with @XilinxInc to provide a hardware security module (HSM) for the Xilinx Zynq Ultr,XLNX,2019-10-17
"RT @SemiEngineering: Experts discuss impact of #multiphysics &amp; new market applications on chip design: J Lee, GM/VP of @ANSYS; S Burke, dis",XLNX,2019-10-17
Join our #webinar to learn how you can solve the many challenges of CNN inference performance with Xilinx #MPSoC devices and Vitis. https://t.co/6t43wGP5nD https://t.co/2IztGU1tTb,XLNX,2019-10-17
"Meet Robert Gama, SVP and Chief Human Resources Officer at AMD! Learn about what inspires him through his travels, his work, and why he chooses to be a rhino.",AMD,2019-10-17
@absak_T @surface https://t.co/D4dYUdv14w,AMD,2019-10-17
@evankirstel We're looking forward to the ride! ,INTC,2019-10-17
@MAINGEAR @NVIDIAGeForce Wow! That is one good looking laptop! ,INTC,2019-10-17
@MachinePix This was such a fun way to celebrate our 50th birthday last year! ,INTC,2019-10-17
Where do vehicles go from Advanced Driver Assist Systems? To full autonomy with a safety assurance. And were helping make it possible with precision mapping enabled by our Road Experience Mapping (REM) technology. https://t.co/O1oyQ7OYA9,INTC,2019-10-17
"@dez_blanchfield Thank you for sharing Dez! The drone shows are always fun, and this lineup looks amazing!",INTC,2019-10-17
"@Lucho11789142 Hello Lucho! We also have support in Spanish if you want, can we send a private message to share more information?",INTC,2019-10-17
"Join us to learn how the world's leading companies are optimizing networks and innovating faster with NVIDIA technology from CEO Jensen Huang's webcast at #MWC19 Los Angeles on Monday, Oct. 21, at 3pm PDT. https://t.co/5FPWPmxqg1 https://t.co/bbhFuKasnZ",NVDA,2019-10-18
#FBF Best moments from #XDF2019 Americas https://t.co/p5EMXz5q5h https://t.co/F5rTTnBZPK,XLNX,2019-10-18
Xilinx #FPGAs at work on board the Curiosity Rover! https://t.co/R5kNHhaGBl,XLNX,2019-10-18
"RT @XilinxJobs: Who's going to be at CASPA's annual conference this upcoming Saturday Oct. 19th in Newark, CA?! Our CEO, Victor Peng will b",XLNX,2019-10-18
@rbcordova1 @FiservForum @Bucks We're excited for the partnership! ,INTC,2019-10-18
@SportTechie We're excited to give fans the ability to see immersive highlights of the gameplay! ,INTC,2019-10-18
"With up to 12 cores, AMD Ryzen PRO processors provide future-ready businesscomputing with exceptional performance and responsiveness for your every task.",AMD,2019-10-19
"RT @NVIDIADC: Happy #ExascaleDay! Hosted by @cray_inc, today is a chance to celebrate the new #supercomputers being born and the scientists",NVDA,2019-10-20
"@pawelfalkowski Oh no! That's unusual! Can you DM us more information on this, such as the link to the download page, etc.. We will look into it.",INTC,2019-10-20
@NicoEconomou We'd like to be accurate in addressing your request. Can you help to point us to the exact location of this PDF in question?,INTC,2019-10-20
@JanmejayJugs Uh oh! Thats not something we like to hear. We would love to help you here on social. Please DM us the case reference number. We will look into it.,INTC,2019-10-20
"RT @NvidiaAI: Together with @RedHat we're bringing high-performance, software-defined #5G #RAN to the #telecom industry. https://t.co/Wz8P2",NVDA,2019-10-21
"RT @NvidiaAI: NVIDIA unveils #Aerial at #MWC19, a #GPU accelerated #SDK for building software defined #5G radio access networks #telco: htt",NVDA,2019-10-21
"RT @NvidiaAI: At #MWC19, @ericsson and @nvidia announced they are working together to allow #telco operators to build the highest performan",NVDA,2019-10-21
"RT @NvidiaAI: You can now simplify #AI deployment at the edge, on hybrid, on-prem, and in the cloud, with the new GPU Operator, Helm charts",NVDA,2019-10-21
"RT @NVIDIAEmbedded: Today at #MWC19, we announced a technology collaboration with @Microsoft that enables closer integration between Micros",NVDA,2019-10-21
"RT @NVIDIAAIDev: Announced today at #MWC19 - NVIDIA Jarvis, an SDK for building and deploying #AI applications that fuse vision, speech and",NVDA,2019-10-21
"RT @NvidiaAI: NVIDIA is taking #AI to the edge, where fast, powerful services are needed, with NVIDIA EGX, the worlds first edge supercomp",NVDA,2019-10-21
RT @NvidiaAI: Watch NVIDIA CEO Jensen Huang's #MWC19 keynote at 3 PM PT on 10/21: https://t.co/vag3FCfg9J https://t.co/lbrYOp3bel,NVDA,2019-10-21
"RT @NVIDIACreators: Save the date. We're going to #AdobeMAX!  Get hands-on time with #RTXStudio laptops and desktops, collect limited edit",NVDA,2019-10-21
"RT @NVIDIAEmbedded: Jumpstart your #AI project with #JetBot, powered by #JetsonNano. This bite-size bot is now available through our partne",NVDA,2019-10-21
RT @FortuneMagazine: Here are 2019's 50 best bets for long-term growth: https://t.co/rFdHT9DVjy,XLNX,2019-10-21
RT @XilinxEMEA: #AVoIP promises fundamental changes in the way AV content is handled and the types of services that can be supported. Check,XLNX,2019-10-21
"Hello Austin! Come join Xilinx, @Avnet and @Hacksterio @DevWeekATX with a free Open Pass. Stop by booth 212 for the chance to win some amazing prizes, including hardware development boards and a skateboard! https://t.co/ngMH61kIeE  #DevWeekATX https://t.co/Yu4KnROtLj",XLNX,2019-10-21
Versal is here! Join us at XDF Europe to learn more and go hands on with the worlds first #ACAP! Register Now: https://t.co/9lF1VKq96N #XDF2019 https://t.co/4hHWzxFOIS,XLNX,2019-10-21
"Compact power is easy with small form factor PCs. Join Bridget, Cavin and @ASUSTechMKTJJ as they take on two tiny but mighty builds in #TheBringUp!",AMD,2019-10-21
"@ObZn_TV @EKWaterBlocks @CORSAIR Looking slick, ObZn!  Welcome to the team!",AMD,2019-10-21
@VenomLeTitan Yay! Welcome to the team! ,AMD,2019-10-21
@Luke_Wanderer It sure is a good alternative! Your city could request a light show performance from Intel on this link https://t.co/7BowWxN5bG,INTC,2019-10-22
@Paris2024 C'est magnifique! ,INTC,2019-10-21
"Never standing still, @adamrunsnyc requires a laptop* to keep up with his many passions. He relies on the mobile performance of the new #DellXPS13 2-in-1 co-engineered with Intel. #MoreThan",INTC,2019-10-21
"Missed yesterdays keynote with our CEO Jensen Huang at #MWC19? Get the highlights on the #5G, IoT and edge revolution. https://t.co/zGdz62tIfm https://t.co/MQ6YvTafci",NVDA,2019-10-22
RT @NvidiaGFN:  Were taking cloud gaming into overdrive. Get a sneak peek of the GeForce NOW mobile app running @AC_assettocorsa on Veri,NVDA,2019-10-22
RT @NvidiaGFN: Coming to a phone near you: check out the new GeForce NOW mobile app purring on a Samsung Note 10+ via Verizon's #5G network,NVDA,2019-10-22
"RT @NvidiaGFN: The GeForce NOW Alliance is growing.    Taiwan Mobile joins industry leaders including LG U+, Softbank, and Rostelecom in p",NVDA,2019-10-22
"RT @HarvardBiz: For the first time, Jensen Huang, CEO of NVIDIA, tops our list of best-performing CEOs. See the new list: https://t.co/vcgb",NVDA,2019-10-22
"Join us as our own Harpinder Matharu will be speaking at the @HCLtech Power Hour about #5G network infrastructure along with panelists from @Cisco, @ADTRAN, @CollinearNTWKS, and @Mavenir. https://t.co/jaYQoJvICX #MWCLA https://t.co/40NwWi5P45",XLNX,2019-10-22
The Future is Bright: @FORTUNEmagazines Future 50 List Ranks Xilinx Tops in Semis! Learn more: https://t.co/KPlZ0eYCkw https://t.co/uKTgTXedqC,XLNX,2019-10-22
Webinar replay! One of the main challenges in power electronics research is the rapid development of new topologies. Join us to learn how to navigate the computational complexities of these new advancements. Watch now: https://t.co/iz35Q0li0u https://t.co/VBttNH0YiO,XLNX,2019-10-22
@LisaSu Did you miss AMD CEO and President Dr. Lisa Su at Fortunes 2019 Most Powerful Women Summit? Watch the full replay here! https://t.co/30ly60T6D3,AMD,2019-10-22
"AMD is proud to partner with @Microsoft in the Secured-core PC initiative to improve security within software and hardware, offering a more comprehensive security solution to all customers. https://t.co/cRr8SpQwnn",AMD,2019-10-22
@636_OC @LisaSu Hey 636! You can check out the full replay here on YouTube! https://t.co/30ly60T6D3,AMD,2019-10-22
"@BVRlive @BestBuy Welcome to the team, BVR!  We're proud to have you!",AMD,2019-10-22
"RT @AMDRyzen: This November, get the processor battle tested by the award-winning Visual Effects Company, Blur Studio  3rd Gen AMD Ryzen T",AMD,2019-10-22
"Watch CEO and President Dr. @LisaSu live at Fortunes 2019 Most Powerful Women Summit, discussing her leadership at AMD and in the semiconductor industry. Tune in now! https://t.co/65bLLaNVvH",AMD,2019-10-22
"@Mangapcom Hello! You may check out our latest RealSense products at https://t.co/lqKhrEnvrW. To be the first one to know the latest news and announcements on new/upcoming product releases, please follow our newsroom: https://t.co/d88NG5HfHL",INTC,2019-10-23
"@MostLegitUser Hi! Intel  XTU only supports unlocked CPUs (K and X series CPUs). Installing Intel XTU on a locked CPU may lead to stability issues. Please DM us your further queries, we will be happy to look into it.",INTC,2019-10-22
@busyraoryza @MachinePix We'll see you in 49 years! ,INTC,2019-10-22
@theunlockr That is dreamy! ,INTC,2019-10-22
@kavedian ,INTC,2019-10-22
RT @nvidiadrive: See how #autonomousvehicles can achieve pixel-perfect perception with panoptic segmentation: https://t.co/ZPfJ2F7ZWt #DRIV,NVDA,2019-10-23
"RT @Hacksterio: In this week's MicroZed Chronicle, @ATaylorCEngFIET shows how to analyze the power profile of algorithms using PYNQ PMBus a",XLNX,2019-10-23
RT @inaccel: InAccel's ML Accelerators integrated with Xilinx Vitis https://t.co/STWg9F4nun via @LinkedIn,XLNX,2019-10-23
@blender_org It's our pleasure! We can't wait to see what we can do together! ,AMD,2019-10-23
"AMD is proud to join the Blender Foundation Development Fund as a Patron, contributing to the success of Blender's excellent open source tools and keeping AMD technologies well supported for all users.",AMD,2019-10-23
The new sensAI solutions stack provides deeper quantitization support and new reference designs including enhanced key phrase detection and human face recognition to help developers easily create AI experiences using Lattices low power FPGAs. Learn More: https://t.co/XMxeXBSXKZ https://t.co/eWdVjAjE8o,LSCC,2019-10-23
"@qitalaiX ,https://t.co/Wlh1yDagFV..",INTC,2019-10-23
"@shankar_chasbok Oh no, this is not something we want to hear from our customers. We are actively working towards resolving your concern. Please expect an email from us with further updates in 1-2 business days.",INTC,2019-10-23
"@TheSamAwesom Congratulations, and Happy Birthday! ",INTC,2019-10-23
"The new #DellXPS13 2-in-1 laptop* gets moving in an instant. And since its thin, lightweight, and wakes up immediately,its perfect for doing #MoreThan one thing at a time.",INTC,2019-10-23
"Its a new era of chip design. To support modern #AI workloads, were evolving Moores Law, creating innovative architectures with #chiplets and advanced packaging techniques.",INTC,2019-10-23
RT @NVIDIASHIELD: 10.28.19  https://t.co/Np0LXKvoTx,NVDA,2019-10-24
"RT @HarvardBiz: Jensen Huang, CEO of @nvidia and the top-performing CEO of the year, is a Taiwanese immigrant who founded his company creat",NVDA,2019-10-24
"RT @NvidiaAI: New data science PCs powered by NVIDIA TITAN RTX are the best PCs for #datascience, providing researchers, students, and enth",NVDA,2019-10-24
We are honored to have our Versal #ACAP selected as one of the world's leading internet scientific and technological achievements at the 6th World Internet Conference in China. https://t.co/whw20B7LJx https://t.co/TFCTGkMmlK,XLNX,2019-10-25
Watch @AWS show how to integrate the AWS Cloud with Xilinx at the edge. https://t.co/zQJzPUnTtQ Register today to experience this workshop in the LabZone at XDF Europe! https://t.co/i2OeDGClWU  #XDF2019 https://t.co/MVFrVsKGp6,XLNX,2019-10-24
RT @E14Community: We've chosen the challengers! Meet them here: https://t.co/BjzQdUD7TV https://t.co/ovCUlVYfay,XLNX,2019-10-24
"RT @LisaSu: Enjoyed our discussion today at #MicronInsight with good friends @MicronCEO Sanjay Mehrotra, @Qualcomm Steve Mollenkopf, and @c",AMD,2019-10-24
"RT @MicronTech: CEO Panel @Cadence, @AMD, @Qualcomm, @MicronTech CEO and more https://t.co/kgnu5JXUw3",AMD,2019-10-24
"RT @MicronTech: CEO Sanjay Mehrotra is joined by Lisa Su from @AMD, Lip-Bu Tan from @Cadence, and @stevemollenkopf from @Qualcomm to discus",AMD,2019-10-24
@Qbrix2000 Sorry that you are facing issues. Can you DM us details on 1)Processor 2)Windows version and 3)Discrete GPU (if any). We will look into this.,INTC,2019-10-24
@CDWCorp We're so excited for Tokyo 2020!,INTC,2019-10-24
@Alienware ,INTC,2019-10-24
RT @intelnews: Intel reports third-quarter 2019 financial results: https://t.co/KitjUIg3Xt https://t.co/RkD6h2lAe3,INTC,2019-10-24
@dez_blanchfield It's super exciting! We can't wait for Tokyo 2020!,INTC,2019-10-24
"A big reveal from todays Linley Fall Processor Conferencethe first details on #Tremont, our next generation low power X86 architecture. Our Tremont Chief Architect calls it a world-class CPU architecture designed for enhanced processing power in compact, low power packages.",INTC,2019-10-24
RT @NVIDIADC: Join us at #SC19 to witness the worlds most advanced data center platform for accelerating all #HPC workloads - from deep le,NVDA,2019-10-25
RT @NVIDIASHIELD: 10.28.19  https://t.co/8b5fPP47ck,NVDA,2019-10-25
We had a great time at #MWC19 Los Angeles inside the @AMD booth earlier this week showing off #5G NR and more. https://t.co/rXdTL5zi1p,XLNX,2019-10-25
"Wanna go to @DevWeekATX? Join Xilinx, @Avnet and @Hacksterio with a free Open Pass. Stop by booth 212 for the chance to win prizes, including hardware development boards and a skateboard! https://t.co/ngMH6136Q4  #DevWeekATX https://t.co/xGaKNb2cJx",XLNX,2019-10-25
"RT @LinaroOrg: Tomas Evensen, Stefano Stabellini and Bruce Ashfield from Xilinx presented session ""System Device Trees"" at Linaro Connect S",XLNX,2019-10-25
"@Ruzzer_ @CORSAIR @NZXT @NVIDIAGeForce @ASUS Eyes up, Guardian. ",AMD,2019-10-25
@dave_ross Oh no! That should not have happened. Can you DM us the following information: 1) Complete SSD Model number and 2) SN or ISN number? We will look into it.,INTC,2019-10-25
"Can you imagine living in smarter cities where traffic flows smoothly, buses pick up on time, and the air is cleaner? We can. The #data collected by #AutonomousDriving will help make it happen. https://t.co/6sOjzww7GK",INTC,2019-10-25
RT @NVIDIASHIELD: 10.28.19  https://t.co/BvfntfvQCV,NVDA,2019-10-26
A few NVIDIANs celebrated #NationalPumpkinDay by providing low-income students with harvested pumpkins. It's one of many NVIDIA Foundation #volunteer projects. https://t.co/UDoHJqoD2x https://t.co/GWBgT3d3TW,NVDA,2019-10-26
"Its #MexicanGP weekend at the Autdromo Hermanos Rodrguez. As a proud partner of @ScuderiaFerrari, well be watching every second! #ForzaFerrari https://t.co/hp6g74qu5m",AMD,2019-10-26
RT @NVIDIASHIELD: 10.28.19  https://t.co/kb7rJiKgZ1,NVDA,2019-10-27
"Take your passion projects further with the new #DellXPS13 2-in-1 laptop*, which we co-engineered to feature a battery designed to last doing what you do. #MoreThan",INTC,2019-10-27
"RT @NVIDIAAIDev: Just announced on the @NVIDIA #AI Playground, GANimal, a generative adversarial network that allows you to project your pe",NVDA,2019-10-28
"RT @NVIDIASHIELD: Its finally here. Meet the new #NVIDIASHIELD TV family.   Level up with @Dolby Vision and Atmos, AI-Upscaling, an updat",NVDA,2019-10-28
Ready for Halloween?  https://t.co/G3LIDBKsQP,XLNX,2019-10-28
"RT @XilinxEMEA: Only two more weeks until #XDF2019 Europe. Whether youre developing applications, creating accelerated or embedded softwar",XLNX,2019-10-28
RT @Radeon: AMD looks forward to supporting @Microsofts new DirectX 12 features in future Radeon graphics products.  Read their latest dev,AMD,2019-10-28
Bob Swan discusses our best quarter in 51 years with @CNBC  https://t.co/YQ5GFaxDft,INTC,2019-10-28
@HP Such a powerful story of her journey! ,INTC,2019-10-28
@KeithPlaysPC @LegitReviews We're thinking more blue ,INTC,2019-10-28
"@VeryArtificiaI Hi! We are glad to see your excitement for Intel products. The Special Edition Intel Core i9-9900KS price starts from $513 onwards. To know more, refer https://t.co/STkmrUUEW8",INTC,2019-10-28
"RT @PCMag: Billed as the ""ultimate gaming experience,"" the @Intel Core i9-9900KS takes the original Core i9-9900K and cranks every dial (an",INTC,2019-10-28
"With up to 5.0 GHz all-core turbo, the first of its kind #9thGen Intel Core i9-9900KS Special Edition processor allows you to game, stream, and record. https://t.co/ilPa0bRYIm https://t.co/Hn231X3pUh",INTC,2019-10-28
@feraldata Wow! These are so beautiful!,INTC,2019-10-28
"The #9thGen Intel Core i9-9900KS Special Edition processor features all 8 cores running at a turbo frequency of up to 5.0 GHz, right out of the box, for the ultimate gaming experience. https://t.co/G2iUsWfdLQ https://t.co/gofA476CtY",INTC,2019-10-28
"@PunWasIntended Uh oh! Thats not something we like to hear. Can you DM us the following details? 1) FPO and ATPO number of the processor 2) Email address 3) Country/ region you are writing from. To find the FPO and ATPO number of the processor, visit: https://t.co/InMv3RBMK9",INTC,2019-10-28
RT @NVIDIAGeForce: Introducing the GeForce GTX 1660 SUPER.  Up to 20% faster than the original GTX 1660. Up to 1.5X faster than the GTX 106,NVDA,2019-10-29
"RT @Hacksterio: Sadly, one of @ATaylorCEngFIET's dogs has a failing heart and requires monitoring. He thought he would apply a little engin",XLNX,2019-10-29
"RT @CCIXConsortium: How can Redis benefit from CCIX? At #ArmTechCon 2019, @Arm and @XilinxInc showcased the acceleration of #RedisEdge with",XLNX,2019-10-29
Attention: PhD and undergraduate students in Europe Registration for the Xilinx Open Hardware Design Contest 2020 is open! https://t.co/OQbDnMkrYh https://t.co/tVVMrOdMHT,XLNX,2019-10-29
"We were excited to host the @SiliconCatalyst Angels at Lattice's San Jose office yesterday. It was great to have so many semiconductor veterans and enthusiasts in one room, discussing topics including the significance of CFIUS to foreign investments in the semiconductor industry. https://t.co/m1sgVEdiqo",LSCC,2019-10-29
@AHopefulFan81 Hello! Thank you for your interest in Intel products. The compatibility of a processor with the motherboard entirely depends on the BIOS. We recommend that you reach out to ASUS for queries on motherboard-CPU compatibility: https://t.co/wgmN4lXTgT,INTC,2019-10-29
"From screeching modems to dial-up pings to Wi-Fi 6, weve come a long way internet. Happy 50th! #Internet50 https://t.co/IZf4A6K1Iu",INTC,2019-10-29
"Co-engineered by our partners @SamsungMobile, were proud to usher in a new breed of laptops designed to do what people need most, better. https://t.co/QOPIMRpfd7",INTC,2019-10-29
150 women leaders including @steph_hallford are joining @DellTech this week for the #PowerTrip2019 bicoastal summit. https://t.co/1rqybc51Bu,INTC,2019-10-29
"RT @anandtech: Ever want a CPU that runs at 5.0 GHz? That runs all cores at 5.0 GHz? That has 14 cores? Intel has the Core i9-9990XE, avail",INTC,2019-10-29
Don't miss 100+ sessions with #AI experts on Nov. 4-6 at #GTC19 in D.C. Gov't registers free. Check out the developments and opportunity for government and industry leaders coming together to advance federal AI adoption. https://t.co/XQZWa1kU5t,NVDA,2019-10-30
"RT @silexica: Did you miss the chance to see Silexicas demo at XDF US? While using the Heston Model as an example, Benoit Pradelle demonst",XLNX,2019-10-30
"With a leadership portfolio of high-performance products in 2020 and beyond, its no wonder industry analyst @PatrickMoorhead says AMD is thriving. Get the full story from @PCWorld! https://t.co/kDtDw5iMCu",AMD,2019-10-30
@realwhiteboxpc https://t.co/mJao3V1Rv3,AMD,2019-10-30
AMD President and CEO @LisaSu sat down with @FortuneMagazines Susie Gharib to talk about AMD's milestone year and the big bets AMD is making to define the future. https://t.co/ots9HpMBH7,AMD,2019-10-30
"@lucianct2k2 Hello! The Intel Core i9-9900KS can sustain all core 5GHz boost clock for more extended periods even under heavy workloads, and it has a base frequency of 4GHz. You can refer to the datasheet for thermal solution requirements. For more information, https://t.co/JRpmxwpxnh",INTC,2019-10-30
"""The Core i9-9900KS takes everything good about Intel's existing #9thGen / Coffee Lake refresh and then cranks the dial to 11..."" -  @PCGamer https://t.co/HbVO6rQ3Xp https://t.co/gVXipU7JkO",INTC,2019-10-30
"Our new #Tremont architecture delivers significant performance gains over prior Intel low-power x86 architectures. Tremont will enable a new generation of innovative form factors for client devices, creative applications for IoT, efficient data center products, and more.",INTC,2019-10-30
@Everette We're excited for this partnership! ,INTC,2019-10-30
"Your connections to community, colleagues and friends help define you. The strong connectivity of the #DellXPS13 2-in-1 laptops helps define a new class of laptops. #MoreThan",INTC,2019-10-30
"With 8 cores running a turbo frequency of 5.0 GHz right out of the box, were proud to deliver the performance gamers demand via our #9thGen Intel Core i9-9900KS. https://t.co/5Okqm6sLzp https://t.co/JjhstY7RMs",INTC,2019-10-30
@MLGPuckett ,INTC,2019-10-30
"@markraptus Uh oh! Thats not something we like to hear. Sadly, the Intel Desktop Board DH67BL has been discontinued. That said, we invite you to post your concern on our Forums so that other community members can answer it based on their experience: https://t.co/cXgj5SlkP0",INTC,2019-10-30
RT @NVIDIAGameDev: Learn how Indie Developer Alden Filion Developed an Award-Winning Ray Traced Demo All by Himself using @UnrealEngine. #R,NVDA,2019-10-31
RT @NVIDIAGeForce: Decorating our Minecraft house for Halloween.   #RTXOn in #Minecraft. (Work In Progress) https://t.co/X08yuIn36a,NVDA,2019-10-31
RT @NVIDIAGeForce: Run.exe     https://t.co/zjwDtk68b4,NVDA,2019-10-31
"RT @NVIDIACreators:  Designers and clients: a horror story.   For #Halloween, we want to hear your creative nightmares. https://t.co/Bw",NVDA,2019-10-31
Cut the Red Ribbon: Xilinx Opens New Facilities in Armenia and India https://t.co/ShuaoIyb75 https://t.co/9fOBUFQUJd,XLNX,2019-11-01
"Last chance to join Xilinx, @Avnet and @Hacksterio @DevWeekATX. Get your FREE pass and stop by booth 212 for the chance to win some cool prizes. https://t.co/ngMH61kIeE  #DevWeekATX https://t.co/2NIJFkSK4R",XLNX,2019-10-31
Hear about the latest in #AI inference technology at XDF Europe and leave equipped to solve the problems of tomorrow! Register now: https://t.co/EDKgXqorA0 #XDF2019 https://t.co/VknlEoutIo,XLNX,2019-10-31
"@1uckywanderboy We got you, boo.  https://t.co/p8tDdMYWPU",AMD,2019-10-31
Fraaames... Fraaames... We know the craving.   Happy Halloween from the AMD team!  https://t.co/n8lhd28pGN,AMD,2019-10-31
"Were excited to be on this incredible journeyof discovery with our partners in the researchcommunity. Hear about the roadmap to quantum practicality from Director of Intel Labs,Rich Uhlig.#QuantumComputing",INTC,2019-10-31
"The new #9thGen Core i9-9900KS. With 8 cores running at 5.0 GHz, its the stuff gamers dream of.   https://t.co/SCVHxiHmdv https://t.co/i2PeOfjvdI",INTC,2019-10-31
"@EduardoColonet3 Hello! The Intel Core i9-9900KS processor is a special edition processor that will be available for a limited period of time. The one year warranty is due to its limited volume and thus the limited replacement volume. For more information, visit: https://t.co/m1JG8MAMzA",INTC,2019-10-31
@WashWizards We're proud to partner with you to bring these highlights to the Wizards fans! ,INTC,2019-10-31
@Tokyo2020 @Olympics @UN Amazing! We are so excited for Tokyo 2020! ,INTC,2019-10-31
@kerrileewalsh We can't wait for Tokyo 2020! ,INTC,2019-10-31
"RT @NVIDIAAIDev: To assist gymnastics judges in their decision-making process, Fujitsu developed a GPU-accelerated deep learning applicatio",NVDA,2019-11-01
"RT @NvidiaAI: .@NoTraffic2, a member of NVIDIA's Inception #startup incubator, uses AI sensor units at intersections to analyze traffic and",NVDA,2019-11-01
"RT @Hacksterio: In this week's MicroZed Chronicle, @ATaylorCEngFIET shows how to get RTEMS up and running on the Ultra96! https://t.co/uYcD",XLNX,2019-11-01
Check-out this #webinar replay and learn about the capabilities and advantages of the embedded #VideoCodec in the #MPSoC device family for CNN inference acceleration. Register: https://t.co/6t43wGP5nD https://t.co/lqavyGsWbO,XLNX,2019-11-01
RT @TelanganaToday: Xilinx opens R&amp;D centre in Hyderabad https://t.co/dCGnc1DE7m,XLNX,2019-11-01
"@ET_Talon @FredStreams @AMD_UK @AMDGaming @Twitch That's SICK! Welcome to the team, Talon!  And thanks for the hookup, Fred! ",AMD,2019-11-01
"@GGaaiaa Red Team, best team! ",AMD,2019-11-01
"@THKrstl You're the best, Tuuli! ",AMD,2019-11-01
@computergorl Hello! Sorry to hear that you are facing issues. Can you DM us the URL that you are trying to access along with the error screenshots? We would love to help.,INTC,2019-11-01
"@Intel_i7_8700 Hi! The 10nm, Intel Xeon E Series processors has yet to be launched. Please visit our Newsroom https://t.co/I0qvEWkzn1 to be the first to know about the upcoming product releases and announcements.",INTC,2019-11-01
@brightbazaar We are excited to partner with you Will*!,INTC,2019-11-01
"RT @IntelGaming: How good can gaming get on thin and light notebooks? With the new Ice Lake architecture, the answer might surprise you: ht",INTC,2019-11-01
"On any given day, @adamrunsnyc wears many hats and his laptop needs to keep up. This new class of laptops* gives him the battery, connectivity, and responsiveness he needs to be his best self, no matter which hat hes wearing. #MoreThan",INTC,2019-11-01
"Using blockchain and our #AI technology, @CurryandCompany protects its berriesin real time. What can we enable together?",INTC,2019-11-01
RT @NVIDIACreators: We're taking Sketch Match to the MAX.   Show off your creativity at #AdobeMAX using GPU-powered Adobe apps to earn e,NVDA,2019-11-02
"RT @NVIDIACreators: We're just a few days away from #AdobeMAX!    ICYMI, our booth festivities:   Real-time Sketch Match art competition",NVDA,2019-11-02
"Welcome to the #USGP! @F1 is here in Austin at the Circuit of The Americas. As a proud partner of @ScuderiaFerrari, we cant wait to see the cars on track in front of our home crowd#ForzaFerrari! https://t.co/8dg3DnnHhd",AMD,2019-11-02
"@adammcevoy Sorry to hear that you are facing difficulties. Please DM us your email address, we will look into it.",INTC,2019-11-02
Cut the Red Ribbon: Xilinx Opens New Facilities in Armenia and India https://t.co/ShuaoIyb75 https://t.co/9fOBUFQUJd,XLNX,2019-10-31
We are honored to have our Versal #ACAP selected as one of the world's leading internet scientific and technological achievements at the 6th World Internet Conference in China. https://t.co/whw20B7LJx https://t.co/TFCTGkMmlK,XLNX,2019-10-24
.@SKtelecom has adopted Xilinx Alveo Datacenter Accelerator cards to power a real-time #AI-based physical intrusion and theft detection service. Learn more: https://t.co/Z5q6bWVvOI https://t.co/2TqvdTWa0C,XLNX,2019-11-03
"@ultrawide219 Hello! Please dont get confused. Intel Xeon Phi is an x86 compatible Coprocessor, designed to carry out code-intensive workloads. A good example would be Deep-learning algorithms. Typically, these are used in supercomputers, servers, and high-end workstations.",INTC,2019-11-03
"@JayyRai Oh no, that shouldn't happen!  Can you DM us the 1) Processor details and 2) Troubleshooting steps you have already tried (if any)? We would be glad to help.",INTC,2019-11-03
"Starting on Nov. 5 at 10am EST, watch our live webcast from #GTC19 DC featuring Ian Buck, NVIDIA VP of Accelerated Computing. https://t.co/FHDd2Qj0DK https://t.co/xs2iww6U6V",NVDA,2019-11-04
"RT @NVIDIACreators: To celebrate #AdobeMAX, we're MAXing out the newest #NVIDIAStudio Driver with added support for OptiX 7 and performance",NVDA,2019-11-04
"RT @NVIDIAEU: NVIDIA #vGPU technology is available in more platforms at the #edge, in the data center and the cloud than ever. Read our blo",NVDA,2019-11-04
"RT @NvidiaAI: NVIDIA and @Azure work to extend #GPU-accelerated, #AI-powered intelligence and visualization from the data center and out to",NVDA,2019-11-04
RT @NVIDIACreators: NVIDIA RTX accelerates over 40 top creative applications.    Learn about the latest @BoxxTech workstations joining the,NVDA,2019-11-04
"RT @NVIDIACreators:  Spotted: a limited edition, #AdobeMAX exclusive #NVIDIAStudio pencil and ruler kit out in the wild.  Catch this rare",NVDA,2019-11-04
"RT @DigiAnalysysInd: IMC2019 : Interview with Giles Garcia, EMEA Comms Business Lead Director, Xilinx; click here to view- https://t.co/w6n",XLNX,2019-11-04
"RT @Enclustra: Meet Enclustra at the Xilinx Developer Forum in The Hague, November 12-13. Take the next step and shorten your time-to-marke",XLNX,2019-11-04
"RT @Accelize:  THE #XDF2019 WORLDWIDE TOUR CONTINUES IN EUROPE! After a very success at San Jose, CA // Don't miss our new content on the",XLNX,2019-11-04
Discover how Medico uses @HPE ProLiant servers equipped with AMD EPYC processors to build powerful datacenter solutions and transform information systems.,AMD,2019-11-04
@SaiKrishanKumar @IntelSoftware @IntelGraphics @IntelGaming Thanks for stopping by! ,INTC,2019-11-04
"RT @NVIDIAAIDev: To provide the biomedical community the latest state-of-the-art #NLP models, @NVIDIA has released NVIDIA BioBERT, an optim",NVDA,2019-11-05
RT @NVIDIACreators: Adobe Dimension taps into dedicated ray-tracing processors on #NVIDIARTX GPUs to dramatically speed up rendering of 3D,NVDA,2019-11-05
"RT @NvidiaAI: Announcing the United States Postal Service  the worlds largest delivery service, with 146 billion pieces of mail processed",NVDA,2019-11-05
"RT @NvidiaAI: By 2020, half of the worlds internet searches will be done by voice. #NLP is a major driver for scaling #AI infrastructure",NVDA,2019-11-05
"In this @TheNextPlatform panel discussion, Donna Yasay, VP of Data Center Marketing at Xilinx, outlines how next generation network acceleration will incorporate significant levels of compute and flexibility driven by Xilinx. Watch video: https://t.co/h4qF5GzXiZ https://t.co/R3UI3frHMM",XLNX,2019-11-05
RT @FudzillaNews: SK Telecom adopts Xilinx Alveo cards https://t.co/6KND16Jarq https://t.co/17G3tV1CXh,XLNX,2019-11-05
"RT @silexica: Next week Silexica will take part of in XDF Europe in The Hague, Netherlands as Diamond Sponsors! Lets take the next step fr",XLNX,2019-11-05
"We have multiple highly impactful and interactive luminary sessions lined up for XDF Europe. Limited seats available, so register today. https://t.co/hcNtsI7qeC #XDF2019 https://t.co/mCSSe3czbV",XLNX,2019-11-05
@GetDox Hey Nate! We're sorry to hear you're having issues. Please share this post with our Support Team on the Support forums so we can get you up and running ASAP! https://t.co/8kXIRYwULT,AMD,2019-11-05
@microcenter Congratulations to all the winners! We can't wait to see what you think of your frighteningly cool prizes. ,AMD,2019-11-05
A recent article on Forbes explores how Lattices new CrossLinkPlus FPGAs let developers add multiple image sensors and displays to embedded vision systems in manner that is low power and low cost. Read full article: https://t.co/inzmbEvQc0,LSCC,2019-11-05
"Jack Weast, Senior Principal Engineer at Intel and VP of Automated Vehicle Standards at @Mobileye, speaks about our Responsibility Sensitive Safety model - an open, transparent, technology neutral safety model for autonomous driving. https://t.co/8aLAedbzZV https://t.co/3pW58GUvfZ",INTC,2019-11-05
"At our @Mobileye Investor Summit, we announced a Level 4 design win with electric automaker NIO. NIO will integrate Mobileyes industry-leading self-driving system to build highly automated and autonomous vehicles (AV) for consumer markets in China. https://t.co/puUgodAbVw https://t.co/UfU5w2lz9y",INTC,2019-11-05
"Today at our Investor Summit, we are talking about @Mobileye 's best in class tech assets in computer vision, mapping and safety; new design wins; AV solution stack for Robotaxi Mobility-as-a-Service. https://t.co/gvcRJCf7J5 https://t.co/DFZEU8ZG5g",INTC,2019-11-05
"Today at our Investor Summit, @Mobileye CEO @AmnonShashuaCar projected significant &amp; sustained revenue growth for the next decade. The forecast was offered within a broader strategy update that included new data points across Mobileyes lines of business. https://t.co/J7p5Vw4QLv https://t.co/Shr2aivQXO",INTC,2019-11-05
"As one of Intels big bets, @Mobileye is a critical part of Intels future and is already exceeding our expectations with ADAS revenue today that is funding the future of driverless cars. George Davis, Intel CFO at our Mobileye Investor Summit. https://t.co/3PLiqKzawl https://t.co/PjcJ0ex5hK",INTC,2019-11-05
"At the @Mobileye Investor Summit, we are sharing how Mobileye is uniquely creating economic and societal value every day of the journey to fully #autonomousvehicles and is positioned to generate significant, sustained revenue growth for the next decade. https://t.co/bB7yx8mQcy https://t.co/SuRDh9eG6t",INTC,2019-11-05
"Manage headless devices like smart vending machines easily, remotely, and securely with the our #vPro platform, featuring Endpoint Management Assistant. https://t.co/xQvhA06Kov https://t.co/DtQLxYQ4fP",INTC,2019-11-05
@BlackFireMx Hello! The link is working fine on our end. Please try visiting the link after clearing the cache and cookies of your browser or try a different browser. Kindly DM us the error screenshots if the issue persists.,INTC,2019-11-05
"RT @Mobileye: ""@NIOGlobal will be integrating our self-driving system into their 2022 car models as a consumer #AV... We have an opportunit",INTC,2019-11-05
"RT @Mobileye: ""We need a balance between safety &amp; agility. We need to think about this not just from a regulatory point of view but also fr",INTC,2019-11-05
RT @Mobileye: Watch @AmnonShashuaCar @Intel SVP and @Mobileye CEO &amp; President address Mobileyes growth strategy at the #MobileyeDrives eve,INTC,2019-11-05
RT @NVIDIACreators: Substance Alchemist delighting uses deep learning AI turbocharged by #NVIDIARTX GPUs. Material creation that used to ta,NVDA,2019-11-06
RT @NVIDIAEmbedded: Introducing Jetson Xavier NX: the worlds smallest #AI supercomputer for high-performance edge computing. Learn more: h,NVDA,2019-11-06
"Today, NVIDIA posted the fastest results on the new #MLperf benchmarks measuring the performance of #AI inference workloads in data centers and at the edge. Learn more about this record-breaking achievement: https://t.co/eAQSacNZJF https://t.co/rvbfXE74In",NVDA,2019-11-06
RT @NvidiaAI: See the keynote replay of NVIDIA VP of Accelerated Computing Ian Buck and learn the importance of moving compute to the edge,NVDA,2019-11-06
RT @NVIDIACreators: Bakers: up to 200x faster with RTX.  Adobe Product Manager @the3dninja and @Nordeus Lead Game Artist @damjanmx talk a,NVDA,2019-11-06
RT @NvidiaAI: The U.S. governments CTO and CIO joined us and other industry leaders this week to discuss the progress in implementing #AI,NVDA,2019-11-06
RT @Light_Reading: The Importance of 5G &amp; Virtualization https://t.co/3D8WQ1w8Sy,XLNX,2019-11-06
RT @cortical_io: Join us next week at #xdf Europe to learn how Semantic Folding combined with #FPGA enables high-performance #AI-based #NLU,XLNX,2019-11-06
Join this #webinar on November 21 to learn how you can create highly differentiated and unique vision applications not supported by #ASSPs.  https://t.co/cpfAncFLlC https://t.co/g5vS2bSSVx,XLNX,2019-11-06
"Engineered from the ground up for superior gaming performance and power efficiency, discover how @Radeons RDNA architecture is designed for the next generation of graphics.",AMD,2019-11-06
Interested in learning how you can use ultra-low power #FPGAs to implement machine learning inferencing at the #Edge? Register now for our free live webinar.   November 19th | 11:00 AM PST : https://t.co/IXc991zngG  November 21st | 3:00 PM CET : https://t.co/Xu9C51NxR1 https://t.co/bYE1teImqD,LSCC,2019-11-06
@gamarantor Hello! Sorry that you are facing issues. Can you DM us your email address so that we can unsubscribe it from our end? We are here to help!,INTC,2019-11-06
@msiUSA Looks like everyone is having a great time in the booth! ,INTC,2019-11-06
Mind. Blown.  Fun fact: did you know True View processes volumetric video captured from as many as 38 5K cameras to create stunning shots like this one? https://t.co/QHH7BbiRsx,INTC,2019-11-06
@WashWizards @nolimittb31 ,INTC,2019-11-06
@lostwolf128 Yep! That's one of our Bunny People ,INTC,2019-11-06
"RT @nvidiadrive: At this year's #GTC19 in Washington, D.C., experts agreed that safe, efficient autonomous transportation is a capital idea",NVDA,2019-11-07
"RT @NvidiaAI: Inference is a complex challenge, but NVIDIA posted the top results on the new #MLPerf benchmarks, measuring the performance",NVDA,2019-11-07
RT @NvidiaAI: Take a look at our latest blog post on how @RAPIDSai is being used to accelerate @NASA air pollution models with #machinelear,NVDA,2019-11-07
RT @inaccel: Check this 1min video of InAccel FPGA acceleration of Spark ML on SQL Server 2019 Big Data Cluster on Azure Data Studio.  9x s,XLNX,2019-11-07
@18Ahmed10 It looks like you are now registered. Enjoy the event!,XLNX,2019-11-07
Join us on Nov 12 in this industry webinar discussing #NVMe use cases  https://t.co/ROE87fuRDe https://t.co/6NVAe0Jhlo,XLNX,2019-11-07
"Join us at #SC19 booth 301 to see the latest #Alveo accelerator solutions, software partners, and the new #Vitis Unified Software Development tools and compute libraries. https://t.co/ckoF9nyOgF https://t.co/IKcBJRGfpf",XLNX,2019-11-07
"RT @Wipro: Meet us at Xilinx Developer Forum Europe 2019 with Quantico Energy Solutions, where we showcase an integrated solution to use FP",XLNX,2019-11-07
Ready for XDF Europe? See Versal #ACAP in action https://t.co/kybKs6xvl2 #XDF2019 https://t.co/lWEluz6lFg,XLNX,2019-11-07
Mark your calendar for November 25th as AMD welcomes the newest additions to the @AMDRyzen high-performance desktop lineupthe AMD Ryzen 9 3950X and the 3rd Gen AMD Ryzen Threadripper processors! https://t.co/G9u0RjXdoC,AMD,2019-11-07
RT @AMDRyzen: Experience the ultimate processor for gamers and content creators with the worlds fastest 16-core consumer desktop processor,AMD,2019-11-07
"RT @AMDRyzen: On sale starting November 25, see how the all-new 3rd Gen AMD Ryzen Threadripper processors are already making a radical diff",AMD,2019-11-07
"RT @LisaSu: For those of you looking for the best in high end desktops, we are proud to unveil third gen @AMDRyzen Threadripper today... de",AMD,2019-11-07
@NBAonTNT We're excited for tonight's game! ,INTC,2019-11-07
@georgegboy Uh oh! Thats not something we like to hear. The link is working fine from our end. Can you re-visit the site after clearing your browser cookies and cache to see if it works?? Let us know if the issue still continues. Wed love to help.,INTC,2019-11-07
"At #GTC19 DC, researchers from @harvardmed and @BrighamDGIM present work using AI to better diagnose #cancer. https://t.co/fI034XU1zd https://t.co/Jbx7VRbpgu",NVDA,2019-11-08
RT @NVIDIACreators:  NVIDIA RTX accelerates multiple applications that are critical to the VFX workflow of a professional artist.   Learn,NVDA,2019-11-08
"#XDF2019 Europe is sold out! For those who still wish to attend, you can join our waiting list: https://t.co/k0XyMunbtX See you in The Hague. https://t.co/OBSPikAOiF",XLNX,2019-11-08
"RT @SilexInsight: If you're attending XDF Europe next week, don't miss out the presentation at 11:15, Tue 12th Nov, from our Network Securi",XLNX,2019-11-08
RT @TitanICSystems: See our acclaimed accelerated search demo on the Xilinx Alveo range next week at #XDF19 #XDFTheHague #XDFDenHaag   http,XLNX,2019-11-08
"Friends in Minnesota and Massachusetts, join us at Future Electronics Practical Machine Learning and AI Seminar to learn how Lattice low power FPGAs are a compelling platform for Edge AI applications! Register Now:  https://t.co/vidNehNjxf https://t.co/RvCnq9mBHV",LSCC,2019-11-08
@bstsrvdbld Congratulations! ,INTC,2019-11-08
@brightbazaar It's so liberating not worrying about your charger all day!,INTC,2019-11-08
@R3DAlchemist Hello! You should definitely consider comparing the processors before you make a purchase. Here is a link that will help you compare the processors and make a choice based on your requirements. https://t.co/WZtpUd8lxg,INTC,2019-11-08
"@GibbLamech Yes, the Intel Core i5 10th generation processors are available for the end-users. For laptops powered by Intel Core i5 10th generation processors, visit https://t.co/yogRApQZBb",INTC,2019-11-09
Experts at #GTC19 DC shared ideas on how workplaces can become more inclusive and how researchers can improve their #AI technology to avoid bias. https://t.co/onsov1JkWa https://t.co/h9CIMNjuyY,NVDA,2019-11-10
RT @SamtecInc: End-to-end 56/112 Gbps PAM4 solutions from Samtec Inc and @XilinxInc are on display at #XDF2019 Europe next week in The Hagu,XLNX,2019-11-10
Discover how Rooster Teeth used AMD Ryzen Threadripper CPUs to perform even the heaviest of rendering and compositing tasks with ease.,AMD,2019-11-10
@ckasprzak Oh no! That's unusual. We are able to download it without any issues. Kindly try to download it again. DM us if you face the same issue. We will look into it.,INTC,2019-11-10
".@rocketdebruins laptop* should always be ready to go, like him. Thats why we co-engineered the new Lenovo #YogaC940 14 laptop for lightweight, mobile performance. #MoreThan",INTC,2019-11-10
NVIDIA veterans and allies came together on #VeteransDay to honor those who have served. https://t.co/Ij24hF9YCr,NVDA,2019-11-11
"RT @NVIDIAAIDev: To help recreate a lost Picasso painting, @UCL researchers used deep learning to recreate unseen parts of The Old Guitaris",NVDA,2019-11-11
RT @Appcelerate_LLP: Appcelerate are at the Xilinx Developer Forum in The Hague this week. This is following on from their success in deplo,XLNX,2019-11-12
"RT @BittWareInc: We're at #XDF2019 booth 46, plus giving NVMe storage acceleration talk Tues. 5:45pm (datacenter track)...schedule: https:/",XLNX,2019-11-12
"RT @AimValley: The @AimValley team (Sander &amp; Guus) working hard at getting booth #41 ready for @xdf2019, starting tomorrow November 12/13,",XLNX,2019-11-11
Register for this webinar on November 21 to learn how easy it is to produce vision solutions with Xilinx programmable #SoCs. https://t.co/cpfAncFLlC https://t.co/yiPPXVTdTb,XLNX,2019-11-11
Honoring all who served. Happy #VeteransDay! https://t.co/1EMNrqkfgB,LSCC,2019-11-11
@horacio_ps You can tap the link above or this: https://t.co/50gJIrNBdl,INTC,2019-11-11
Quantum computers understand Alzheimers at the molecular level. This precision will help to make the drugs of the future for the diseases of today. #QuantumComputing,INTC,2019-11-11
@santos_wallace @MAINGEAR @NVIDIAGeForce @msiUSA @wd_black @HyperX ,INTC,2019-11-11
"@iamshivaraman The Intel range of NUCs with integrated Wi-Fi 6 (802.11AX) modules have yet to be announced. To be the first one to know about the upcoming product releases, please visit our Newsroom https://t.co/7WcchJ86yL.",INTC,2019-11-11
RT @NVIDIADesign: Thank you to @xperienceif and the Awards Committee for honoring #NVIDIARTX and #Turing Architecture with a Monolith Award,NVDA,2019-11-12
"Download 2019.2 with the new #Vitis unified software platform, empowering all software developers to leverage optimized adaptable hardware, and the latest #Vivado with 10% reduction in design compilation runtime for greater productivity than ever before. https://t.co/PYInwY9Sh3 https://t.co/NGeEU9BwDl",XLNX,2019-11-12
"Integrating automotive-qualified solutions across #ADAS and AD systems just got easier with our expanded product line. Learn more about the high performance #Zynq UltraScale+ devices, available for order today. https://t.co/uQGzFhcqzE https://t.co/7VLe2xKpQt",XLNX,2019-11-12
RT @byteLAKEGlobal: Getting energized with @XilinxInc CEO Victor Peng before our presentation tomorrow at #XDF19!  We adopted #CFD kernels,XLNX,2019-11-12
"RT @cortical_io: Introducing the first application of Semantic Supercomputing, a high-performance enterprise message filtering and routing",XLNX,2019-11-12
RT @AvnetSilica: Are you #XDF2019 Europe? Come to our booth and take our look at our Artificial Intelligence and Machine Learning demos. ht,XLNX,2019-11-12
RT @WindRiver: Great conversations at #XDF2019! Make sure to visit @WindRiver's booth 52 to check our latest #automotive and #industrial te,XLNX,2019-11-12
RT @EthernityN: How an adaptable smartNIC platform  particularly the Ethernity ACE-NIC family  can meet the needs for network acceleratio,XLNX,2019-11-12
"RT @silexica: Meet Silexicas Head of Product and Technical Marketing, Loren Hobbs at #XDF Europe on Nov 12, as he presents how Silexica's",XLNX,2019-11-12
"RT @DigilentInc: Come check out our latest development platforms - Eclypse Z7 for instrumentation &amp; Genesys ZU, @XilinxInc Zynq Ultrascale+",XLNX,2019-11-12
"Closing out the #XDF2019 keynote, Xilinx EVP/GM Liam Madden took the stage to discuss how Xilinx is revolutionizing the #5G network, from RF to the core with guest speaker Nathan Jachimiec, Principal Embedded Systems Architect @Keysight Labs. https://t.co/3JYXhefXyT",XLNX,2019-11-12
"Dr. Thomas James, Senior Research Fellow @CERN, made an appearance during the #XDF2019 keynote to explain how CERN is pushing the limits of technology to answer the worlds most challenging scientific questions using Xilinx #FPGAs. https://t.co/y8PMQPO3dc",XLNX,2019-11-12
"During the #XDF2019 keynote, Xilinx SVP/CTO Ivo Bolsens discussed the benefits that #Versal #ACAPs bring to edge computing. https://t.co/CAltBKzsBZ",XLNX,2019-11-12
.@Supermicro_SMCI was invited to the #XDF2019 stage and announced Xilinx #Alveo accelerators have been qualified on two Supermicro servers. Execs from @cortical_io and @bostonlimited joined to discuss work they are doing with Alveo accelerated Supermicro servers. https://t.co/j8nj1txQnF,XLNX,2019-11-12
Xilinx EVP/GM Salil Raje provided a deep dive on Vitis at #XDF2019 Europe. #Vitis unified software platform and optimized open source libraries are available for immediate download! https://t.co/VcG0yRSP8n https://t.co/omsZ16hWye,XLNX,2019-11-12
Today we announced the expansion of our automotive-qualified 16nm family with two new devices. Xilinx's automotive-qualified line now scales from edge sensors to complex domain controllers. Learn more: https://t.co/X2XE3n9FSA #XDF2019 https://t.co/K3JG4RseIT,XLNX,2019-11-12
"At #XDF2019, Pierre-Etienne Melet shared how the Amadeus Research &amp; Innovation team is using AWS EC2 F1 instances w/ integrated Xilinx #FPGAs to accelerate mission-critical #machinelearning workloads that support his organizations operations. https://t.co/KIg4TC7aof",XLNX,2019-11-12
"Xilinx CEO Victor Peng kicked off #XDF2019 Europe by highlighting some of the amazing things our customers in #datacenter, #5G and automotive are achieving with our products. https://t.co/ExJmoIFfjF",XLNX,2019-11-12
XDF Europe is about to begin! Stay tuned for a great line-up of special guests and announcements! Follow #XDF2019 and @XilinxEMEA for updates as well. https://t.co/mia5BYiLwr,XLNX,2019-11-12
"RT @RadeonPro: We're one week away from @autodesku! This year, @AMD is a Gold Sponsor of #AU2019 and will be present at the Expo at booth A",AMD,2019-11-12
"@simplynucltd Hello, #Sequoia! Welcome to the world! ",AMD,2019-11-12
@udacity We are so proud to partner with you on the Edge AI Scholarship program!,INTC,2019-11-12
@LFC @_fabinhotavares What a GOAL!!  We're proud it was captured with True View! ,INTC,2019-11-12
@SebastianThrun We're excited for the partnership as well! ,INTC,2019-11-12
@danielnewmanUV Thanks for sharing Daniel!,INTC,2019-11-12
"RT @intelnews: Today at the #IntelAI Summit, Intel welcomed the next wave of #AI with updates on new products designed to accelerate AI sys",INTC,2019-11-12
Stay tuned for new #AI product announcements from our AI experts @NaveenGRao and @IMJB2U. Streaming live later today!,INTC,2019-11-12
"To see the difference between #NVIDIARTX and GTX GPUs, check out the eye-opening visuals in popular titles such as Control, Call of Duty: Modern Warfare, Metro Exodus and Minecraft. https://t.co/JDZa8zt9xG #PCGaming https://t.co/bUPFi2E2C2",NVDA,2019-11-13
"RT @nvidiadrive: With surround camera-radar fusion, #autonomousvehicles can eliminate blind spots on the road: https://t.co/OG6uV1lsbb #DRI",NVDA,2019-11-13
RT @NVIDIACreators:  RTX + #Lightroom = picture perfect.  NVIDIA RTX-based #RTXStudio systems unlock faster photo-editing in Adobe @Lightr,NVDA,2019-11-13
RT @NvidiaGFN: It's not just PC gaming in the cloud. It's GeForce gaming in the cloud.   #GeForceNOW works with existing PC game stores a,NVDA,2019-11-15
RT @NVIDIADC: Join @nvidia at #SC19 next week to see how GPU acceleration is transforming computational science and #AI. Learn more about o,NVDA,2019-11-15
"RT @NVIDIADC: Italian energy company @eni is upgrading its supercomputer. Their new HPC5 system, built with 7,280 GPUs in 1,820 @DellEMC se",NVDA,2019-11-15
"RT @NVIDIADC: Two days until CEO Jensen Huang takes the stage at #SC19! Tune in to the livestream, Monday Nov 18 at 3PM MT, to hear how NVI",NVDA,2019-11-16
